perf,1643430071.9271684,0.002447843551635742,27.659900426864624,0.00025177001953125,0.5360255241394043,15.343803405761719,15.252489805221558,58.79491877555847,1,1
perf,1643430131.990649,0.0025191307067871094,27.753469705581665,0.0002460479736328125,0.5188086032867432,15.259761571884155,15.479821681976318,59.0146267414093,1,1
perf,1643430192.0159268,0.002440214157104492,27.70173454284668,0.0002510547637939453,0.5267386436462402,15.343797206878662,14.98278284072876,58.55774450302124,1,1
perf,1643430252.1630018,0.009098052978515625,27.602002143859863,0.00025391578674316406,0.5320405960083008,15.219022750854492,15.457335472106934,58.81975293159485,1,1
perf,1643430371.3815322,0.010241031646728516,27.556220054626465,0.0002422332763671875,0.5306882858276367,15.379602909088135,15.374092102050781,58.85108661651611,1,1
perf,1643430431.6197171,0.0025348663330078125,27.621816158294678,0.0002529621124267578,0.6307337284088135,15.342610120773315,15.46036672592163,59.05831456184387,1,1
perf,1643430491.7059965,0.002447843551635742,27.582539319992065,0.0002548694610595703,0.6477060317993164,15.256952285766602,15.27015233039856,58.76005268096924,1,1
perf,1643430551.8827343,0.002657175064086914,27.612315893173218,0.00024580955505371094,0.6430199146270752,15.295483350753784,15.490307092666626,59.044029235839844,1,1
perf,1643430672.0367248,0.0031299591064453125,27.657715559005737,0.0002701282501220703,0.5659890174865723,15.332592248916626,14.793052434921265,58.35274934768677,1,1
perf,1643430791.8455005,0.003364086151123047,27.63558554649353,0.00026488304138183594,0.6227998733520508,15.32292914390564,15.376420736312866,58.96136426925659,1,1
perf,1643430851.8705704,0.002511262893676758,27.600919485092163,0.0002391338348388672,0.6246118545532227,15.369491577148438,16.724684476852417,60.322457790374756,1,1
perf,1643430971.3178735,0.0031960010528564453,27.587294578552246,0.0002601146697998047,0.5101325511932373,15.211288452148438,15.181986570358276,58.49415826797485,1,1
perf,1643431031.2548177,0.0024251937866210938,27.559643507003784,0.00024127960205078125,0.5221304893493652,15.183048725128174,15.64641523361206,58.913904428482056,1,1
perf,1643431091.5716643,0.016350746154785156,27.62101101875305,0.0002491474151611328,0.52382493019104,15.329916715621948,16.58870840072632,60.080060958862305,1,1
perf,1643431153.2990403,0.002496957778930664,27.55392026901245,0.00023698806762695312,0.518383264541626,15.219477415084839,14.343962669372559,57.63847756385803,1,1
perf,1643431213.6778839,0.002505064010620117,27.594631910324097,0.0002579689025878906,0.5342040061950684,15.2141695022583,14.930855512619019,58.27662396430969,1,1
perf,1643431272.966139,0.002440214157104492,27.670013904571533,0.00025916099548339844,0.5469350814819336,15.217430114746094,15.560675859451294,58.99775433540344,1,1
perf,1643431333.0119479,0.018445730209350586,26.59829020500183,0.0002522468566894531,0.6075344085693359,15.298629760742188,15.08930778503418,57.612460136413574,1,1
perf,1643431391.7484493,0.002429962158203125,27.63315773010254,0.00023818016052246094,0.5219991207122803,15.334665298461914,15.526771068572998,59.01926136016846,1,1
perf,1643431452.0881507,0.002511262893676758,27.617775678634644,0.00024509429931640625,0.6209428310394287,15.278024911880493,15.61490249633789,59.13440227508545,1,1
perf,1643431512.1511912,0.009758710861206055,27.589679479599,0.00024390220642089844,0.6309149265289307,15.322534084320068,15.595072031021118,59.14820313453674,1,1
perf,1643431572.0384636,0.0025169849395751953,27.641252756118774,0.0014579296112060547,0.5957310199737549,15.333991527557373,15.046530485153198,58.62148070335388,1,1
perf,1643431632.0949259,0.0025091171264648438,27.640466451644897,0.000244140625,0.5932307243347168,15.3127121925354,15.271439790725708,58.82060241699219,1,1
perf,1643431691.4883213,0.002496004104614258,27.593912601470947,0.0002460479736328125,0.5205090045928955,15.181227684020996,15.480065822601318,58.778457164764404,1,1
perf,1643431811.8704371,0.019568920135498047,27.64261746406555,0.00026988983154296875,0.5264294147491455,15.311337232589722,15.561459302902222,59.06168222427368,1,1
perf,1643431872.0517576,0.009804725646972656,27.662842988967896,0.0002548694610595703,0.5928950309753418,15.359168529510498,15.266180515289307,58.891146659851074,1,1
perf,1643431991.3270946,0.0032198429107666016,27.589808225631714,0.00026607513427734375,0.5341744422912598,15.169914484024048,15.234578609466553,58.53196167945862,1,1
perf,1643432051.4069102,0.002440929412841797,27.52918577194214,0.0002930164337158203,0.5250513553619385,15.513420104980469,15.652574300765991,59.222965478897095,1,1
perf,1643432111.596789,0.0024709701538085938,27.554139852523804,0.0002722740173339844,0.5359902381896973,15.200949668884277,15.638510942459106,58.93233394622803,1,1
perf,1643432171.7681074,0.0024521350860595703,27.62816858291626,0.0002372264862060547,0.528388261795044,15.219850063323975,15.324940204620361,58.704036474227905,1,1
perf,1643432231.9813945,0.00841975212097168,27.638161182403564,0.00025391578674316406,0.5346212387084961,15.324841499328613,15.522955656051636,59.029253244400024,1,1
perf,1643432292.0881255,0.002519845962524414,27.62910509109497,0.0002491474151611328,0.5262274742126465,15.365574359893799,15.675331830978394,59.199007749557495,1,1
perf,1643432352.0702994,0.0025238990783691406,27.725974082946777,0.00025177001953125,0.5354154109954834,15.39525556564331,15.365649461746216,59.02507019042969,1,1
perf,1643432471.522781,0.00851297378540039,27.55802631378174,0.0002429485321044922,0.5328621864318848,15.196974515914917,15.850229263305664,59.14684820175171,1,1
perf,1643432531.6427915,0.008315801620483398,27.550519227981567,0.0002522468566894531,0.5135912895202637,15.213472604751587,15.045358180999756,58.33150935173035,1,1
perf,1643432591.7756872,0.002513885498046875,27.58622097969055,0.0002460479736328125,0.5199205875396729,15.231164455413818,15.970363855361938,59.31042981147766,1,1
perf,1643432652.0217314,0.008966922760009766,27.61966609954834,0.00023818016052246094,0.5192971229553223,15.229805707931519,15.853976488113403,59.231950521469116,1,1
perf,1643432712.1663775,0.002469778060913086,27.584685564041138,0.00024890899658203125,0.5122685432434082,15.202758550643921,15.647408723831177,58.94984006881714,1,1
perf,1643432771.5576315,0.0024209022521972656,27.55754566192627,0.00023794174194335938,0.5186693668365479,15.240111589431763,15.39547085762024,58.71445631980896,1,1
perf,1643432831.4981058,0.0025119781494140625,27.55750584602356,0.00024175643920898438,0.5095245838165283,15.209582805633545,16.222362995147705,59.50172996520996,1,1
perf,1643432891.7804346,0.0025060176849365234,27.611841678619385,0.00033783912658691406,0.5169835090637207,15.20606780052185,16.43583583831787,59.77357268333435,1,1
perf,1643432952.9522545,0.00255584716796875,27.616716623306274,0.0002548694610595703,0.6632716655731201,15.298665523529053,15.260060548782349,58.841525077819824,1,1
perf,1643433012.949537,0.002527952194213867,27.614593505859375,0.00025916099548339844,0.6533675193786621,15.321504592895508,14.503516435623169,58.09576916694641,1,1
perf,1643433072.7756205,0.012825965881347656,27.590534687042236,0.0002532005310058594,0.6390275955200195,15.284880638122559,15.76714015007019,59.29466223716736,1,1
perf,1643433192.1215785,0.01360321044921875,27.60636019706726,0.0002560615539550781,0.5228583812713623,15.210163116455078,15.519687175750732,58.87292814254761,1,1
perf,1643433252.14267,0.008704900741577148,27.57342004776001,0.00024819374084472656,0.515740156173706,15.196655511856079,14.561514139175415,57.85628294944763,1,1
perf,1643433371.7261853,0.0032787322998046875,27.625174522399902,0.00026607513427734375,0.5136728286743164,15.249276161193848,15.405867099761963,58.79753541946411,1,1
perf,1643433491.7588742,0.003987789154052734,27.615076780319214,0.0002651214599609375,0.5168676376342773,15.203094959259033,15.314252853393555,58.65354514122009,1,1
perf,1643433551.7021267,0.00864720344543457,27.577828884124756,0.0002551078796386719,0.5194394588470459,15.228949069976807,15.657296895980835,58.99241662025452,1,1
perf,1643433611.858146,0.0025398731231689453,27.61911368370056,0.0002460479736328125,0.5251185894012451,15.271429061889648,15.887944459915161,59.30639171600342,1,1
perf,1643433672.1402216,0.0024280548095703125,27.574424266815186,0.0002460479736328125,0.5300772190093994,15.271602630615234,15.924694061279297,59.30347228050232,1,1
perf,1643433791.6915646,0.017335891723632812,27.66092610359192,0.0002999305725097656,0.5275354385375977,15.216025590896606,15.990020751953125,59.41214370727539,1,1
perf,1643433851.7893457,0.002523183822631836,27.604460954666138,0.00024819374084472656,0.5309453010559082,15.22565770149231,16.36530089378357,59.7291362285614,1,1
perf,1643433972.1904962,0.0024421215057373047,26.555428743362427,0.0002529621124267578,0.5322721004486084,15.183930158615112,15.38030743598938,57.65463352203369,1,1
perf,1643434032.188169,0.0025086402893066406,27.57978367805481,0.0002512931823730469,0.5314319133758545,15.192065000534058,14.926094770431519,58.23213529586792,1,1
perf,1643434092.151367,0.009507894515991211,27.610970497131348,0.00024199485778808594,0.5319828987121582,15.205704927444458,14.60666823387146,57.9650764465332,1,1
perf,1643434212.2983985,0.0031740665435791016,29.605305194854736,0.00026798248291015625,0.513800859451294,15.253535032272339,15.138512134552002,60.51459527015686,1,1
perf,1643434331.709324,0.003264904022216797,27.578449726104736,0.00026798248291015625,0.5076138973236084,15.19460391998291,15.310161113739014,58.594361543655396,1,1
perf,1643434391.6752229,0.0024030208587646484,27.62240433692932,0.00025177001953125,0.5197498798370361,15.187682390213013,14.850107431411743,58.18259882926941,1,1
perf,1643434452.742205,0.0026907920837402344,27.631139278411865,0.0002429485321044922,0.5511620044708252,15.187817573547363,14.578529119491577,57.951581716537476,1,1
perf,1643434812.8084974,0.0034689903259277344,27.653130054473877,0.0002639293670654297,0.5222988128662109,15.189611673355103,15.950939178466797,59.31971263885498,1,1
perf,1643434873.0181673,0.002454996109008789,27.606065034866333,0.00024175643920898438,0.5114741325378418,15.192927122116089,15.439072370529175,58.752235412597656,1,1
perf,1643434932.8209872,0.008144855499267578,27.599507331848145,0.00024127960205078125,0.525808572769165,15.225412130355835,14.119588613510132,57.478702783584595,1,1
perf,1643434992.0024917,0.008433818817138672,27.607431173324585,0.00024509429931640625,0.5378167629241943,15.189771890640259,15.424157857894897,58.76785659790039,1,1
perf,1643435051.3997416,0.0023910999298095703,27.599525928497314,0.0002486705780029297,0.5247290134429932,15.275175333023071,14.991902828216553,58.393972873687744,1,1
perf,1643435111.4303522,0.0024869441986083984,27.623457431793213,0.00024819374084472656,0.5380556583404541,15.299142122268677,16.242566108703613,59.70595645904541,1,1
perf,1643435171.7692068,0.002428293228149414,27.635253190994263,0.0002567768096923828,0.5179593563079834,15.190302610397339,15.848835706710815,59.19503593444824,1,1
perf,1643435231.9372175,0.002468109130859375,27.655689001083374,0.0002548694610595703,0.516216516494751,15.194207668304443,16.462519884109497,59.831356048583984,1,1
perf,1643435352.1180246,0.002466917037963867,27.5591242313385,0.0002429485321044922,0.5177314281463623,15.209067583084106,15.649898767471313,58.93853187561035,1,1
perf,1643435472.162028,0.02604389190673828,26.619220733642578,0.0002639293670654297,0.6147520542144775,15.33128046989441,15.234905481338501,57.82646656036377,1,1
perf,1643435531.510365,0.00244903564453125,27.582762241363525,0.0002560615539550781,0.529860258102417,15.284838438034058,14.584256172180176,57.98442220687866,1,1
perf,1643435592.4051173,0.0024428367614746094,27.522701740264893,0.0002498626708984375,0.5450894832611084,15.199121475219727,14.934215784072876,58.20382118225098,1,1
perf,1643435651.8178558,0.002452850341796875,27.647668838500977,0.000244140625,0.5240232944488525,15.185885190963745,15.357276439666748,58.71755075454712,1,1
perf,1643435771.590357,0.023561954498291016,27.631271600723267,0.0002608299255371094,0.5175466537475586,15.290828466415405,15.360420227050781,58.82388973236084,1,1
perf,1643435831.5593092,0.002428293228149414,27.59988236427307,0.00024580955505371094,0.5872893333435059,15.306729793548584,15.48578691482544,58.982362508773804,1,1
perf,1643435891.8215866,0.006186008453369141,27.609232187271118,0.00024199485778808594,0.5288066864013672,15.24055814743042,15.244629383087158,58.62965440750122,1,1
perf,1643435952.370074,0.0025169849395751953,27.562149047851562,0.0002608299255371094,0.5374593734741211,15.213078737258911,15.667383909225464,58.98284888267517,1,1
perf,1643436073.021716,0.014798879623413086,26.58331322669983,0.0002701282501220703,0.5180904865264893,15.324712991714478,15.030845880508423,57.472031593322754,1,1
perf,1643436131.77819,0.0024650096893310547,27.640694618225098,0.0002410411834716797,0.5353305339813232,15.21009635925293,15.977900981903076,59.36672854423523,1,1
perf,1643436191.9727888,0.007433891296386719,27.658993005752563,0.00024580955505371094,0.5236227512359619,15.234805583953857,15.216705560684204,58.64180660247803,1,1
perf,1643436252.0986087,0.0025017261505126953,27.62295365333557,0.0002338886260986328,0.5229895114898682,15.199100017547607,15.00952959060669,58.35730838775635,1,1
perf,1643436311.8710787,0.009756803512573242,27.61823296546936,0.0002338886260986328,0.5394845008850098,15.354795217514038,16.174371480941772,59.69687485694885,1,1
perf,1643436372.5087373,0.002466917037963867,27.560372352600098,0.00025177001953125,0.5209348201751709,15.226885795593262,15.724097728729248,59.03500938415527,1,1
perf,1643436491.637941,0.0031461715698242188,27.640522241592407,0.0002510547637939453,0.6457459926605225,15.28127408027649,16.66993737220764,60.24087691307068,1,1
perf,1643436731.8946846,0.0037162303924560547,27.752169132232666,0.0032079219818115234,0.5502915382385254,15.28884744644165,14.320200681686401,57.91843295097351,1,1
perf,1643436792.5792816,0.0024793148040771484,27.61814594268799,0.00024390220642089844,0.5197775363922119,15.21345567703247,15.734860181808472,59.08896255493164,1,1
perf,1643436971.338953,0.003857135772705078,27.604013204574585,0.0002651214599609375,0.5193924903869629,15.379394054412842,15.504062414169312,59.01098442077637,1,1
perf,1643437031.4779994,0.002424955368041992,27.577495336532593,0.0002491474151611328,0.541339635848999,15.412510633468628,14.998703002929688,58.53272271156311,1,1
perf,1643437212.554506,0.0035479068756103516,27.657573223114014,0.00026607513427734375,0.5450620651245117,15.213684797286987,15.401651620864868,58.82178568840027,1,1
perf,1643437272.1778398,0.0024421215057373047,26.576269149780273,0.0003209114074707031,0.5234169960021973,15.193737506866455,14.534891843795776,56.83107852935791,1,1
perf,1643437391.522755,0.016991853713989258,27.582730293273926,0.0003440380096435547,0.52205491065979,15.2815420627594,15.847648620605469,59.25131177902222,1,1
perf,1643437451.5292308,0.0025360584259033203,27.578116416931152,0.0002510547637939453,0.5197830200195312,15.309760093688965,16.329256772994995,59.73970341682434,1,1
perf,1643437571.737666,0.009376764297485352,27.65957760810852,0.0002498626708984375,0.5572266578674316,15.363969326019287,14.93742299079895,58.52782320976257,1,1
perf,1643437631.6663382,0.002443075180053711,27.64292049407959,0.0002377033233642578,0.520848274230957,15.40229344367981,13.910281419754028,57.4790244102478,1,1
perf,1643437752.875597,0.0031402111053466797,27.66533398628235,0.00026416778564453125,0.513939619064331,15.198659420013428,15.886280536651611,59.26761794090271,1,1
perf,1643437872.8365107,0.003251314163208008,27.722515106201172,0.0002512931823730469,0.5220308303833008,15.209072351455688,15.194708347320557,58.6518292427063,1,1
perf,1643437991.4203823,0.00947260856628418,27.57334303855896,0.00038313865661621094,0.5204784870147705,15.211810827255249,15.888248920440674,59.203737020492554,1,1
perf,1643438051.608174,0.0024809837341308594,27.605787992477417,0.0002491474151611328,0.5374739170074463,15.280071020126343,16.088419675827026,59.514482736587524,1,1
perf,1643438111.748259,0.002439260482788086,27.64910316467285,0.0002541542053222656,0.5195558071136475,15.261008024215698,15.91406798362732,59.34642839431763,1,1
perf,1643438171.7971027,0.0024907588958740234,27.66652512550354,0.00025391578674316406,0.5330796241760254,15.332722663879395,15.5237455368042,59.058817625045776,1,1
perf,1643438231.885273,0.0024220943450927734,27.667235612869263,0.0002498626708984375,0.5176856517791748,15.338516235351562,15.4407958984375,58.96690535545349,1,1
perf,1643438292.078851,0.0024671554565429688,27.60963773727417,0.00023865699768066406,0.5656476020812988,15.381906986236572,17.447381019592285,61.00727915763855,1,1
perf,1643438413.295147,0.0035181045532226562,27.601250886917114,0.0002579689025878906,0.5402917861938477,15.208872318267822,14.21587061882019,57.570061683654785,1,1
perf,1643438532.0183854,0.003242969512939453,27.669275283813477,0.0002617835998535156,0.5292797088623047,15.296164989471436,15.552000522613525,59.050225257873535,1,1
perf,1643438592.0476356,0.002496004104614258,27.642565965652466,0.00024199485778808594,0.5172848701477051,15.349477291107178,14.391356706619263,57.903422832489014,1,1
perf,1643438652.3865678,0.002488851547241211,27.546576499938965,0.0002491474151611328,0.6432342529296875,15.278221607208252,15.242417812347412,58.71318817138672,1,1
perf,1643438771.5529041,0.007781028747558594,27.53131127357483,0.000247955322265625,0.5189926624298096,15.224629878997803,15.338494062423706,58.62145686149597,1,1
perf,1643438831.626052,0.00249481201171875,27.539578199386597,0.0013730525970458984,0.5136017799377441,15.189680814743042,15.09090518951416,58.33763384819031,1,1
perf,1643438891.6901612,0.002440929412841797,27.593777894973755,0.00024700164794921875,0.512948751449585,15.237150430679321,15.787930250167847,59.1344952583313,1,1
perf,1643439013.9173672,0.0032892227172851562,27.691978931427002,0.00024127960205078125,0.507258415222168,15.200302839279175,15.225985527038574,58.629056215286255,1,1
perf,1643439132.8170383,0.0024459362030029297,27.63107419013977,0.00024008750915527344,0.6249661445617676,15.30192518234253,15.207568645477295,58.76822018623352,1,1
perf,1643439192.171508,0.013950824737548828,26.521605014801025,0.00023698806762695312,0.5148217678070068,15.193281650543213,15.4368314743042,57.68072772026062,1,1
perf,1643439251.3123984,0.008903741836547852,29.87517547607422,0.00024390220642089844,0.5135679244995117,15.263146162033081,14.202472925186157,59.86351013183594,1,1
perf,1643439371.9183059,0.0031888484954833984,27.910404920578003,0.0002532005310058594,0.5316274166107178,15.21329951286316,15.713314294815063,59.37208819389343,1,1
perf,1643439432.1232834,0.007550954818725586,27.890686988830566,0.00025391578674316406,0.5130248069763184,15.2318434715271,14.420575618743896,58.06393575668335,1,1
perf,1643439551.6578202,0.003403902053833008,27.958155632019043,0.0002617835998535156,0.5201659202575684,15.21843433380127,15.566307783126831,59.2667293548584,1,1
perf,1643439611.9128253,0.008630990982055664,27.881980657577515,0.0002732276916503906,0.5317847728729248,15.177286386489868,16.194653034210205,59.79460906982422,1,1
perf,1643439791.7627325,0.016823768615722656,27.94809651374817,0.0002410411834716797,0.5662236213684082,15.200680255889893,15.665553569793701,59.397618770599365,1,1
perf,1643439852.0708601,0.012636899948120117,27.820131301879883,0.00025773048400878906,0.5227627754211426,15.177812337875366,14.37794017791748,57.911541223526,1,1
perf,1643439971.8357244,0.004370927810668945,27.902695655822754,0.000247955322265625,0.5170176029205322,15.226490497589111,15.254616022109985,58.90543866157532,1,1
perf,1643440031.6227822,0.01505279541015625,27.910820484161377,0.0002560615539550781,0.5233309268951416,15.193307399749756,15.727420091629028,59.370187759399414,1,1
perf,1643440091.9554567,0.0025277137756347656,27.9176607131958,0.0002460479736328125,0.5313136577606201,15.210904359817505,17.206647396087646,60.86929988861084,1,1
perf,1643440213.421467,0.018765926361083984,27.854475736618042,0.000244140625,0.5583345890045166,15.685436010360718,14.531169414520264,58.648425817489624,1,1
perf,1643440331.8618927,0.015151023864746094,28.001219987869263,0.00024819374084472656,0.5519773960113525,15.217394590377808,15.426342964172363,59.21233415603638,1,1
perf,1643440511.9593108,0.0032923221588134766,27.969011068344116,0.0002460479736328125,0.5232176780700684,15.22805905342102,15.445276498794556,59.16910266876221,1,1
perf,1643440571.9741256,0.0025110244750976562,27.982429265975952,0.00025010108947753906,0.5255436897277832,15.221326351165771,15.973593711853027,59.70565414428711,1,1
perf,1643440632.4205277,0.002496004104614258,27.550740957260132,0.0002510547637939453,0.5197098255157471,15.218891143798828,14.711106538772583,58.0031955242157,1,1
perf,1643440691.6393619,0.002480030059814453,28.725482940673828,0.00024890899658203125,0.5243747234344482,15.225508213043213,15.458553314208984,59.93664813041687,1,1
perf,1643440811.948344,0.0032739639282226562,27.629141092300415,0.0002777576446533203,0.5260896682739258,15.202191352844238,15.15132474899292,58.512298583984375,1,1
perf,1643440871.942828,0.007572174072265625,27.659395456314087,0.00025010108947753906,0.53769850730896,15.210150480270386,15.188934087753296,58.60400080680847,1,1
perf,1643440932.141734,0.006196022033691406,27.596104860305786,0.0002410411834716797,0.5346927642822266,15.207817316055298,15.332666635513306,58.67771863937378,1,1
perf,1643440992.1004407,0.0024471282958984375,27.57720398902893,0.0002391338348388672,0.5257275104522705,15.240832328796387,16.076982498168945,59.42343258857727,1,1
perf,1643441111.6073368,0.002438783645629883,27.670884609222412,0.0002522468566894531,0.5183346271514893,15.209806203842163,13.996192693710327,57.39790916442871,1,1
perf,1643441171.9264262,0.0025038719177246094,27.636993885040283,0.00025010108947753906,0.5193355083465576,15.229822397232056,15.958524942398071,59.34743070602417,1,1
perf,1643441231.9324698,0.01906609535217285,27.662285566329956,0.00024700164794921875,0.5200066566467285,15.231308221817017,15.70140814781189,59.13432168960571,1,1
perf,1643441411.528628,0.0031480789184570312,27.6099374294281,0.00026607513427734375,0.5260138511657715,15.269829511642456,15.502334833145142,58.911529779434204,1,1
perf,1643441471.7197256,0.002483844757080078,27.659400701522827,0.00024509429931640625,0.5354695320129395,15.566800832748413,16.289626598358154,60.05402660369873,1,1
perf,1643441591.7677207,0.0024890899658203125,27.697001934051514,0.0002560615539550781,0.5208842754364014,15.208594799041748,15.041451930999756,58.470678091049194,1,1
perf,1643441652.0891593,0.0025148391723632812,27.68067455291748,0.0002460479736328125,0.5151715278625488,15.239389896392822,15.310734748840332,58.74873161315918,1,1
perf,1643441712.2716773,0.005852937698364258,27.958537101745605,0.0002532005310058594,0.5375127792358398,15.275996208190918,15.554394483566284,59.33254671096802,1,1
perf,1643441772.6784627,0.0025680065155029297,27.646723985671997,0.00025010108947753906,0.5139131546020508,15.182659149169922,15.367323875427246,58.713438272476196,1,1
perf,1643441832.5474362,0.002502918243408203,27.597102165222168,0.000247955322265625,0.5144264698028564,15.194434881210327,15.459568738937378,58.7682831287384,1,1
perf,1643442012.139701,0.0032999515533447266,26.643760681152344,0.000263214111328125,0.6257987022399902,15.282092332839966,15.258806705474854,57.814021587371826,1,1
perf,1643442252.3590136,0.00323486328125,27.620097160339355,0.0002696514129638672,0.4967164993286133,15.199474811553955,15.615781545639038,58.935574531555176,1,1
perf,1643442311.9625883,0.008672952651977539,27.644356966018677,0.00024509429931640625,0.5149514675140381,15.251253604888916,15.140074014663696,58.55955410003662,1,1
perf,1643442431.809231,0.0032188892364501953,27.775232791900635,0.0002639293670654297,0.5167884826660156,15.280660629272461,15.516944408416748,59.093109130859375,1,1
perf,1643442491.978079,0.0024847984313964844,27.703890323638916,0.0002460479736328125,0.5155434608459473,15.247584581375122,15.22979474067688,58.699543952941895,1,1
perf,1643442551.9264028,0.0024759769439697266,27.69680118560791,0.00024890899658203125,0.5168607234954834,15.301186561584473,15.741514682769775,59.25908803939819,1,1
perf,1643442731.6057673,0.003156900405883789,27.623677253723145,0.00035500526428222656,0.633882999420166,15.297469139099121,15.699278593063354,59.25781989097595,1,1
perf,1643442791.8067193,0.0025238990783691406,27.65614891052246,0.0002429485321044922,0.6332721710205078,15.322210788726807,15.901764392852783,59.51616311073303,1,1
perf,1643442851.856281,0.0024809837341308594,27.649473190307617,0.00024390220642089844,0.5841386318206787,15.311570644378662,14.296357154846191,57.8442645072937,1,1
perf,1643442912.1116278,0.008492708206176758,27.6199791431427,0.0002448558807373047,0.5156378746032715,15.32174038887024,15.643344402313232,59.10943937301636,1,1
perf,1643443031.6281996,0.0033690929412841797,27.60805320739746,0.00026702880859375,0.6250042915344238,15.29305362701416,15.80117678642273,59.33092403411865,1,1
perf,1643443091.6074347,0.0024461746215820312,27.66159677505493,0.00024008750915527344,0.6259193420410156,15.264785289764404,14.287273645401001,57.84226131439209,1,1
perf,1643443151.8193448,0.0024449825286865234,27.59342312812805,0.00025010108947753906,0.6413071155548096,15.33225965499878,15.464471817016602,59.034156799316406,1,1
perf,1643443211.8560243,0.0025038719177246094,27.612776041030884,0.00024819374084472656,0.6346170902252197,15.32363510131836,15.284456253051758,58.85823655128479,1,1
perf,1643443271.860416,0.002537965774536133,27.65577745437622,0.00025272369384765625,0.6291675567626953,15.329905033111572,15.544763088226318,59.16240382194519,1,1
perf,1643443332.3712728,0.0081939697265625,27.605720281600952,0.00025200843811035156,0.5097479820251465,15.2281973361969,15.246937274932861,58.59904885292053,1,1
perf,1643443391.9086645,0.0024220943450927734,27.675861835479736,0.00023984909057617188,0.6471960544586182,15.409420728683472,15.647581100463867,59.38272166252136,1,1
perf,1643443513.3882504,0.0034089088439941406,27.669618368148804,0.00026607513427734375,0.5212156772613525,15.180942058563232,15.363119840621948,58.73857092857361,1,1
perf,1643443631.958076,0.01445913314819336,27.73041343688965,0.0002522468566894531,0.6636571884155273,15.318630695343018,15.490981101989746,59.21839380264282,1,1
perf,1643443692.1180818,0.0025300979614257812,27.605608701705933,0.00025010108947753906,0.6357636451721191,15.34944486618042,15.73837399482727,59.331971406936646,1,1
perf,1643443753.3217168,0.008800029754638672,27.573522567749023,0.00025081634521484375,0.5238420963287354,15.233027935028076,14.687838315963745,58.027281761169434,1,1
perf,1643443812.660074,0.0025060176849365234,27.671483278274536,0.0002560615539550781,0.5368056297302246,15.207458734512329,15.510913610458374,58.929423332214355,1,1
perf,1643443931.8214438,0.016847848892211914,27.715764045715332,0.0002617835998535156,0.5859353542327881,15.355918169021606,15.305180072784424,58.979907274246216,1,1
perf,1643443991.8705873,0.0025091171264648438,27.6926531791687,0.00025200843811035156,0.6043519973754883,15.357736349105835,15.633170127868652,59.29067277908325,1,1
perf,1643444052.1281366,0.002473115921020508,27.6039822101593,0.00025200843811035156,0.6251246929168701,15.3079514503479,15.141659498214722,58.681442975997925,1,1
perf,1643444111.801436,0.008595943450927734,27.712865352630615,0.00025010108947753906,0.554903507232666,15.398357152938843,15.235580205917358,58.91055226325989,1,1
perf,1643444231.956887,0.0032281875610351562,27.679755449295044,0.0002613067626953125,0.54665207862854,15.39006757736206,15.775911808013916,59.39587640762329,1,1
perf,1643444412.809189,0.0032608509063720703,27.653524160385132,0.00024890899658203125,0.5120820999145508,15.291155576705933,15.335507154464722,58.79577875137329,1,1
perf,1643444531.8297887,0.0025599002838134766,27.74121594429016,0.00024890899658203125,0.513312816619873,15.225686073303223,15.618414640426636,59.10143828392029,1,1
perf,1643444592.0693812,0.0025038719177246094,27.641072273254395,0.0002589225769042969,0.5136499404907227,15.339076519012451,15.331852197647095,58.82841372489929,1,1
perf,1643444651.5530376,0.01500082015991211,27.6058247089386,0.0003020763397216797,0.5190539360046387,15.209418058395386,13.820930480957031,57.17053008079529,1,1
perf,1643444711.6154392,0.0023899078369140625,27.571868896484375,0.0002570152282714844,0.5264647006988525,15.38592004776001,16.001797199249268,59.48869776725769,1,1
perf,1643444771.9383075,0.0024871826171875,27.670225858688354,0.0002510547637939453,0.524186372756958,15.28562617301941,15.62534785270691,59.10812449455261,1,1
perf,1643444832.057513,0.002590179443359375,27.733132362365723,0.0004458427429199219,0.518512487411499,15.348262548446655,15.41831922531128,59.021262645721436,1,1
perf,1643444892.0523596,0.008667945861816406,27.663468599319458,0.00023984909057617188,0.5162556171417236,15.33115839958191,15.726907014846802,59.246697425842285,1,1
perf,1643444952.02706,0.002519845962524414,27.70336937904358,0.0002918243408203125,0.5198235511779785,15.240878582000732,15.220353603363037,58.68723678588867,1,1
perf,1643445012.061595,0.00929880142211914,27.61328387260437,0.00024390220642089844,0.505164623260498,15.266459941864014,15.643246412277222,59.037697553634644,1,1
perf,1643445131.4703777,0.002475738525390625,27.56592345237732,0.00024199485778808594,0.5228252410888672,15.255659341812134,14.083706855773926,57.430832624435425,1,1
perf,1643445191.5985508,0.0024487972259521484,27.570958137512207,0.00024199485778808594,0.5263173580169678,15.297425508499146,16.94655728340149,60.34394907951355,1,1
perf,1643445312.3824892,0.002664804458618164,27.577714920043945,0.00026106834411621094,0.510953426361084,15.32196044921875,15.685057878494263,59.098612546920776,1,1
perf,1643446152.1590123,0.023318052291870117,28.116374015808105,0.00024390220642089844,0.5178821086883545,15.177581548690796,15.822400569915771,59.65780019760132,1,1
perf,1643446452.5781248,0.0031969547271728516,27.92536211013794,0.00025010108947753906,0.5123395919799805,15.231849431991577,15.170331239700317,58.843329429626465,1,1
perf,1643446691.9992058,0.017433881759643555,28.089097499847412,0.00026106834411621094,0.5233354568481445,15.179053783416748,15.99153995513916,59.800721645355225,1,1
perf,1643446811.30011,0.019487619400024414,29.98833966255188,0.00024771690368652344,0.5236742496490479,15.338021993637085,15.741654872894287,61.61142611503601,1,1
perf,1643447112.5398412,0.0031270980834960938,27.9073965549469,0.000244140625,0.5260775089263916,15.206448316574097,15.752968788146973,59.396262407302856,1,1
perf,1643447231.4622247,0.014653921127319336,27.97292709350586,0.0002512931823730469,0.5372414588928223,15.234628438949585,15.632723331451416,59.392425537109375,1,1
perf,1643447411.937207,0.003322124481201172,29.062072038650513,0.0002460479736328125,0.530388355255127,15.268335819244385,15.260389566421509,60.12475395202637,1,1
perf,1643447532.006176,0.003634214401245117,28.088163137435913,0.000247955322265625,0.538447380065918,15.237674236297607,15.745271444320679,59.61343836784363,1,1
perf,1643447771.7673047,0.003214120864868164,29.026854753494263,0.00024580955505371094,0.5255317687988281,15.194568157196045,15.59740400314331,60.34781861305237,1,1
perf,1643447892.2693813,0.00328826904296875,26.905112743377686,0.00026798248291015625,0.5162179470062256,15.299958944320679,15.533658981323242,58.25850486755371,1,1
perf,1643447952.2280037,0.011585235595703125,28.029021739959717,0.00024199485778808594,0.8397738933563232,15.34050726890564,16.08061456680298,60.30174469947815,1,1
perf,1643448131.6666596,0.0031778812408447266,27.9686496257782,0.00025391578674316406,0.5256819725036621,15.185762405395508,15.488449811935425,59.17197561264038,1,1
perf,1643448191.9985604,0.002468109130859375,28.026124477386475,0.0002510547637939453,0.5339505672454834,15.194680452346802,15.225297927856445,58.98277258872986,1,1
perf,1643448313.3029697,0.019304752349853516,30.995786905288696,0.00024080276489257812,0.5080292224884033,15.186803102493286,14.206931352615356,60.91709613800049,1,1
perf,1643448431.528069,0.016398906707763672,28.03084444999695,0.00025200843811035156,0.5271480083465576,15.219845056533813,16.165130853652954,59.95961928367615,1,1
perf,1643448731.7822983,0.016909122467041016,28.02580189704895,0.0002541542053222656,0.5256814956665039,15.227650880813599,16.41252064704895,60.208818197250366,1,1
Binary file gonet.log matches
